Your Name(Kimi No Na Wa)(2017),Call Me by Your Name(2018)
Casablanca(1942),The Big Sick(2017)
Casablanca(1942),The Big Sick(2017)
Casablanca(1942)
Casablanca(1942)
Casablanca(1942)
Casablanca(1942)
Casablanca(1942)
Casablanca(1942)
Casablanca(1942),La La Land
Casablanca(1942),La La Land
Casablanca(1942),La La Land
Casablanca(1942),La La Land
Casablanca(1942)
Casablanca(1942)
Casablanca(1942)
Casablanca(1942)
Casablanca(1942)
Casablanca(1942)
Casablanca(1942)
Casablanca(1942)
Casablanca(1942)
Casablanca(1942)
Casablanca(1942),The Big Sick(2017)
Casablanca(1942),The Big Sick(2017)
Casablanca(1942),The Big Sick(2017)
Casablanca(1942),The Big Sick(2017)
Casablanca(1942),The Big Sick(2017)
Casablanca(1942),The Big Sick(2017)
Casablanca(1942),The Big Sick(2017)
Casablanca(1942),The Big Sick(2017)
Casablanca(1942),The Big Sick(2017)
Casablanca(1942),The Big Sick(2017)
Casablanca(1942),The Big Sick(2017)
Casablanca(1942),The Big Sick(2017)
Your Name(Kimi No Na Wa)(2017)
Your Name(Kimi No Na Wa)(2017)
Your Name(Kimi No Na Wa)(2017)
Your Name(Kimi No Na Wa)(2017)
Your Name(Kimi No Na Wa)(2017)
Your Name(Kimi No Na Wa)(2017),La La Land
Your Name(Kimi No Na Wa)(2017)
Your Name(Kimi No Na Wa)(2017)
Your Name(Kimi No Na Wa)(2017)
Your Name(Kimi No Na Wa)(2017),La La Land
Your Name(Kimi No Na Wa)(2017),La La Land
Your Name(Kimi No Na Wa)(2017),La La Land
Your Name(Kimi No Na Wa)(2017)
Your Name(Kimi No Na Wa)(2017)
Your Name(Kimi No Na Wa)(2017)
Your Name(Kimi No Na Wa)(2017)
Your Name(Kimi No Na Wa)(2017),Call Me by Your Name(2018)
Your Name(Kimi No Na Wa)(2017),Call Me by Your Name(2018)
Your Name(Kimi No Na Wa)(2017),Call Me by Your Name(2018)
Your Name(Kimi No Na Wa)(2017)
Your Name(Kimi No Na Wa)(2017)
Your Name(Kimi No Na Wa)(2017)
Your Name(Kimi No Na Wa)(2017)
Your Name(Kimi No Na Wa)(2017)
Your Name(Kimi No Na Wa)(2017)
Your Name(Kimi No Na Wa)(2017)
Your Name(Kimi No Na Wa)(2017)
Your Name(Kimi No Na Wa)(2017)
Your Name(Kimi No Na Wa)(2017),La La Land
Your Name(Kimi No Na Wa)(2017)
Your Name(Kimi No Na Wa)(2017)
Your Name(Kimi No Na Wa)(2017)
Your Name(Kimi No Na Wa)(2017),La La Land
Your Name(Kimi No Na Wa)(2017),La La Land
Your Name(Kimi No Na Wa)(2017)
Your Name(Kimi No Na Wa)(2017)
The Fault in our Stars,Beauty and the Beast(2017)
The Fault in our Stars,Beauty and the Beast(2017)
The Fault in our Stars,Beauty and the Beast(2017)
The Fault in our Stars,Beauty and the Beast(2017)
The Fault in our Stars,Beauty and the Beast(2017)
The Fault in our Stars,Beauty and the Beast(2017)
The Fault in our Stars,Beauty and the Beast(2017)
The Fault in our Stars,Beauty and the Beast(2017)
The Fault in our Stars,Beauty and the Beast(2017)
The Fault in our Stars,Beauty and the Beast(2017)
The Fault in our Stars,Beauty and the Beast(2017)
The Fault in our Stars,Beauty and the Beast(2017)
The Fault in our Stars,Beauty and the Beast(2017)
The Fault in our Stars,Beauty and the Beast(2017)
The Fault in our Stars,Beauty and the Beast(2017)
The Fault in our Stars,Beauty and the Beast(2017)
The Fault in our Stars,Beauty and the Beast(2017)
The Fault in our Stars,Beauty and the Beast(2017)
The Fault in our Stars,Beauty and the Beast(2017)
The Fault in our Stars,Beauty and the Beast(2017)
The Fault in our Stars,Beauty and the Beast(2017)
The Fault in our Stars,Beauty and the Beast(2017)
The Fault in our Stars,Beauty and the Beast(2017)
The Fault in our Stars,Beauty and the Beast(2017)
The Fault in our Stars,Beauty and the Beast(2017)
The Fault in our Stars,Beauty and the Beast(2017)
The Fault in our Stars,Beauty and the Beast(2017)
The Fault in our Stars,Beauty and the Beast(2017)
The Fault in our Stars,Beauty and the Beast(2017)
The Fault in our Stars,Beauty and the Beast(2017)
The Fault in our Stars,Beauty and the Beast(2017)
The Fault in our Stars,Beauty and the Beast(2017)
La La Land,Call Me by Your Name(2018) 
La La Land,Call Me by Your Name(2018)
La La Land,Call Me by Your Name(2018)
La La Land
La La Land
La La Land
La La Land
La La Land
When Harry Met Sally,A Star is Born
When Harry Met Sally,A Star is Born
When Harry Met Sally,A Star is Born
When Harry Met Sally,A Star is Born
When Harry Met Sally,A Star is Born
When Harry Met Sally,A Star is Born
When Harry Met Sally,A Star is Born
When Harry Met Sally,A Star is Born
When Harry Met Sally,A Star is Born
When Harry Met Sally,A Star is Born
When Harry Met Sally,A Star is Born
When Harry Met Sally,A Star is Born
When Harry Met Sally
Love Actually
Love Actually
Love Actually
Love Actually
Love Actually
Love Actually
Love Actually
Love Actually
Love Actually
Love Actually
Love Actually
Love Actually
Love Actually
Love Actually
Love Actually
Love Actually
Love Actually
Love Actually
Love Actually
Love Actually
Love Actually
Love Actually
Love Actually
Love Actually
Love Actually
Love Actually
Love Actually
Love Actually
Love Actually
Love Actually
Love Actually
Love Actually
Love Actually
Love Actually
Love Actually
Love Actually
Love Actually
Love Actually
Love Actually
Love Actually
Love Actually
Love Actually
Love Actually