Inception,Ex Machina
Inception,Ex Machina
Inception,Ex Machina
Inception,Ex Machina
Inception,Ex Machina
Inception,Ex Machina
Inception,Ex Machina
Inception,Ex Machina
Inception,Ex Machina
Inception,Ex Machina
Inception,Ex Machina
Inception,Ex Machina
Inception,Ex Machina
Inception,Ex Machina
Inception,Ex Machina
Inception,Ex Machina
Inception,Ex Machina
Inception,Ex Machina
Inception,Ex Machina
Inception,Ex Machina
Inception,Ex Machina
Bird Box
Bird Box
Bird Box
Bird Box
Bird Box
Bird Box
Bird Box
Bird Box
Bird Box
Bird Box,A Quiet Place
Bird Box,A Quiet Place
Bird Box,A Quiet Place
Bird Box,A Quiet Place
Bird Box,A Quiet Place
Bird Box,A Quiet Place
Bird Box,A Quiet Place
Bird Box,A Quiet Place
Bird Box,A Quiet Place
Bird Box,A Quiet Place
Inception
Inception
Inception
Inception
Inception
Inception
Inception
Inception
Inception
Inception
Inception
Inception
Inception
Inception
Inception
Inception
Inception
Inception
Inception
Inception
Inception
Inception
Inception
Minority Report
Minority Report
Minority Report
Minority Report
Minority Report
Minority Report
Minority Report
Minority Report
Minority Report
Minority Report
Minority Report
Minority Report
Minority Report
Minority Report
Minority Report
Minority Report
Minority Report
Minority Report
Minority Report
Minority Report
Minority Report
Minority Report
Minority Report
Minority Report
Joker,Skyfall
Joker
Joker
Joker
Joker
Joker
Joker
Joker
Joker
Joker
Joker
Joker
Joker
Joker
Joker
Joker
Joker
Joker
Joker
Joker
Joker
Joker
Joker
Joker
Joker
Joker
Joker
Skyfall
Skyfall
Skyfall
Skyfall
Skyfall
Skyfall
Joker,Skyfall
Joker,Skyfall
Joker,Skyfall
Joker,Skyfall
Joker,Skyfall
Joker,Skyfall
Joker,Skyfall
Joker,Skyfall
Joker,Skyfall
Joker,Skyfall
Joker,Skyfall
Joker,Skyfall
Joker,Skyfall
Joker,Skyfall
Joker,Skyfall
Joker,Skyfall
Joker,Skyfall
Joker,Skyfall
Joker,Skyfall
Joker,Skyfall
Joker,Skyfall
Joker,Skyfall
